Bacterial Counts,Coral Counts,Algae Counts,Viral Counts
0.5,0.5,0.5,0.5
0.69,0.49,0.51,0.51
0.9198,0.43979999999999997,0.5602,0.5238
1.2053239999999998,0.332596,0.667404,0.542196
1.56902568,0.14470232000000002,0.85529768,0.56630248
2.0425643023999998,0.0,1.0,0.5976829936000001
2.6391235030080002,0.0,1.0,0.6385342796480001
