Bacterial Counts,Coral Counts,Algae Counts,Viral Counts
0.5,0.5,0.5,0.5
0.51,0.58,0.42000000000000004,0.6
0.4842000000000001,0.6774,0.3226,0.702
0.41800400000000015,0.796744,0.203256,0.79884
0.3072472800000001,0.9436675999999999,0.05633240000000006,0.8824408
0.14817054560000015,1.0,0.0,0.9438902560000001
0.0,1.0,0.0,0.9735243651200001
